country,population,age,suicide_rate
Vanuatu,283218,60-69,8.20
Mozambique,27696493,60-69,17.10
Jordan,9964656,60-69,5.80
Madagascar,25501941,60-69,18.40
Libya,6282196,60-69,7.20
Angola,29154746,60-69,23.80
Mali,18700106,60-69,20.80
Fiji,918371,60-69,5.30
Guinea,11930985,60-69,27.80
Malta,455356,60-69,3.80
Hungary,9814023,60-69,28.10
Guyana,759087,60-69,31.70
Iceland,335439,60-69,24.00
Morocco,35107264,60-69,4.60
Albania,2876101,60-69,6.00
Zimbabwe,14452704,60-69,41.30
Ireland,4755335,60-69,12.40
Finland,5495303,60-69,16.50
Namibia,2323352,60-69,19.70
Latvia,1959537,60-69,25.60
Lithuania,2868231,60-69,40.40
Jamaica,2802695,60-69,2.80
Australia,24190907,60-69,12.90
Guinea-Bissau,1834552,60-69,22.90
Italy,60627498,60-69,10.20
Afghanistan,34636207,60-69,5.50
Japan,127076000,60-69,20.80
Algeria,40339329,60-69,4.20
Luxembourg,582014,60-69,21.10
Ethiopia,105293228,60-69,24.70
Ghana,29554303,60-69,23.60
Myanmar,51892349,60-69,11.70
Israel,8546000,60-69,7.90
Lebanon,6258619,60-69,5.70
Indonesia,261850182,60-69,6.60
Lesotho,2143872,60-69,55.40
Kuwait,4048085,60-69,2.60
Grenada,119966,60-69,14.30
Malaysia,31526418,60-69,15.80
Kiribati,118513,60-69,14.50
Georgia,3727505,60-69,12.60
Maldives,454252,60-69,5.70
India,1338636340,60-69,17.50
Mauritius,1263747,60-69,6.40
Mexico,121519221,60-69,6.10
Zambia,16767761,60-69,25.80
Uzbekistan,31847900,60-69,7.10
Honduras,9460798,60-69,4.90
Montenegro,622303,60-69,17.90
Kenya,47894670,60-69,12.70
Liberia,4706097,60-69,45.30
Haiti,10713849,60-69,11.60
France,66724104,60-69,20.30
Kazakhstan,17794055,60-69,29.20
Guatemala,15827690,60-69,4.10
Uruguay,3413766,60-69,23.60
Iraq,38697943,60-69,5.60
Malawi,17405624,60-69,19.80
Argentina,43590368,60-69,10.00
Gabon,2086206,60-69,23.70
Greece,10775971,60-69,7.10
Mauritania,4051890,60-69,20.70
Armenia,2865835,60-69,10.10
Mongolia,3029555,60-69,12.50
"Antigua and Barbuda",90564,60-69,8.10
Germany,82348669,60-69,16.10
"Sao Tome and Principe",204632,60-69,4.90
China,1387790000,60-69,23.40
Barbados,278649,60-69,0.00
"Saudi Arabia",33416270,60-69,6.20
Tunisia,11685667,60-69,5.90
Comoros,746232,60-69,28.10
Colombia,47625955,60-69,8.70
Samoa,205544,60-69,12.60
Belarus,9469379,60-69,32.00
Seychelles,94677,60-69,16.80
"Central African Republic",4904177,60-69,23.80
"Sierra Leone",7493913,60-69,39.30
Canada,36109487,60-69,13.60
"Trinidad and Tobago",1469330,60-69,16.90
Senegal,14751356,60-69,33.70
Chile,18083879,60-69,12.90
Serbia,7058322,60-69,22.20
Chad,14592585,60-69,33.30
Croatia,4174349,60-69,25.50
Qatar,2595166,60-69,10.70
Cyprus,1197881,60-69,8.90
Bahrain,1409661,60-69,6.20
Cuba,11342012,60-69,25.70
Uganda,38748299,60-69,47.80
Rwanda,11930899,60-69,24.30
Romania,19702267,60-69,16.40
"Côte d'Ivoire",24213622,60-69,51.80
Turkmenistan,5868561,60-69,8.20
Bangladesh,159784568,60-69,7.70
"Russian Federation",144342397,60-69,30.80
"Costa Rica",4945205,60-69,8.30
Brazil,206859578,60-69,9.20
Sudan,39377169,60-69,5.70
Timor-Leste,1224562,60-69,11.50
Botswana,2352416,60-69,21.80
Suriname,581453,60-69,34.10
Spain,46484062,60-69,10.60
"Sri Lanka",21425494,60-69,19.00
"Brunei Darussalam",425994,60-69,7.30
Thailand,70607037,60-69,17.80
"Syrian Arab Republic",18964252,60-69,2.70
Bhutan,749761,60-69,12.60
Tajikistan,8725318,60-69,7.60
Sweden,9923085,60-69,17.30
Benin,11260085,60-69,36.60
"Bosnia and Herzegovina",3480986,60-69,12.70
Switzerland,8373338,60-69,21.50
Cambodia,15624584,60-69,10.20
Slovenia,2065042,60-69,26.70
"Solomon Islands",628102,60-69,8.90
Belgium,11331422,60-69,24.20
Tonga,105707,60-69,8.10
Singapore,5607283,60-69,15.60
Cameroon,23711630,60-69,46.30
"Cabo Verde",558394,60-69,44.40
"Burkina Faso",19275498,60-69,37.70
Togo,7661354,60-69,43.30
Bulgaria,7127822,60-69,15.40
Belize,367313,60-69,15.10
"South Sudan",11066105,60-69,14.40
Somalia,14292847,60-69,18.40
"South Africa",56422274,60-69,23.90
Burundi,10903327,60-69,31.00
Austria,8736668,60-69,17.80
Paraguay,6266615,60-69,8.30
"Papua New Guinea",8899169,60-69,10.60
Djibouti,1023261,60-69,17.50
Niger,20921743,60-69,22.80
"Equatorial Guinea",1398927,60-69,41.40
Denmark,5728010,60-69,17.10
Peru,31132779,60-69,8.30
Nicaragua,6389235,60-69,8.20
Eritrea,3365287,60-69,38.90
Ecuador,16439585,60-69,8.60
Pakistan,213524840,60-69,2.90
Oman,4398070,60-69,3.30
Norway,5234519,60-69,16.30
"United Arab Emirates",8994263,60-69,4.40
"Dominican Republic",10527592,60-69,15.40
Panama,4026336,60-69,4.20
"El Salvador",6250510,60-69,11.20
Nigeria,188666931,60-69,48.80
Netherlands,17030314,60-69,17.30
Czechia,10566332,60-69,17.00
Estonia,1315790,60-69,21.00
Portugal,10325452,60-69,18.10
Poland,37970087,60-69,21.70
Azerbaijan,9757812,60-69,4.50
Ukraine,45004673,60-69,25.00
"New Zealand",4714100,60-69,8.10
Philippines,104875266,60-69,4.10
Nepal,27861186,60-69,12.50
Eswatini,1142524,60-69,23.30
Nigeria,188666931,50-59,26.00
Somalia,14292847,50-59,12.40
"South Africa",56422274,50-59,24.70
Zambia,16767761,50-59,18.70
"Syrian Arab Republic",18964252,50-59,2.80
Kuwait,4048085,50-59,2.30
Jamaica,2802695,50-59,2.90
Nepal,27861186,50-59,10.80
Tajikistan,8725318,50-59,6.00
Norway,5234519,50-59,17.60
Tonga,105707,50-59,5.20
"Sri Lanka",21425494,50-59,17.00
Slovenia,2065042,50-59,26.40
Morocco,35107264,50-59,3.30
"Solomon Islands",628102,50-59,5.80
Thailand,70607037,50-59,17.00
Timor-Leste,1224562,50-59,7.70
Sweden,9923085,50-59,20.30
Kazakhstan,17794055,50-59,32.80
Sudan,39377169,50-59,6.70
Nicaragua,6389235,50-59,9.80
Suriname,581453,50-59,38.50
"New Zealand",4714100,50-59,14.60
Zimbabwe,14452704,50-59,29.40
Jordan,9964656,50-59,4.90
Myanmar,51892349,50-59,8.80
Niger,20921743,50-59,15.90
Kiribati,118513,50-59,10.40
Mozambique,27696493,50-59,11.50
Togo,7661354,50-59,24.80
"South Sudan",11066105,50-59,9.70
Switzerland,8373338,50-59,21.70
Kenya,47894670,50-59,8.40
Japan,127076000,50-59,23.90
Netherlands,17030314,50-59,19.30
Spain,46484062,50-59,11.80
Namibia,2323352,50-59,20.80
Mauritius,1263747,50-59,7.40
Rwanda,11930899,50-59,17.50
Romania,19702267,50-59,16.80
Philippines,104875266,50-59,3.80
Ukraine,45004673,50-59,29.80
"Russian Federation",144342397,50-59,37.70
Malawi,17405624,50-59,11.70
Uzbekistan,31847900,50-59,7.50
Luxembourg,582014,50-59,19.20
Mexico,121519221,50-59,5.90
Madagascar,25501941,50-59,11.30
Peru,31132779,50-59,7.20
Vanuatu,283218,50-59,5.10
Portugal,10325452,50-59,16.80
Uganda,38748299,50-59,29.60
Qatar,2595166,50-59,5.90
Malta,455356,50-59,13.20
Mali,18700106,50-59,12.60
Malaysia,31526418,50-59,10.90
Mauritania,4051890,50-59,12.90
Turkmenistan,5868561,50-59,9.60
Maldives,454252,50-59,2.60
Poland,37970087,50-59,27.70
"Trinidad and Tobago",1469330,50-59,10.10
Pakistan,213524840,50-59,2.70
"Sierra Leone",7493913,50-59,24.90
Lebanon,6258619,50-59,5.20
Lesotho,2143872,50-59,48.50
Mongolia,3029555,50-59,17.40
Seychelles,94677,50-59,14.60
Oman,4398070,50-59,3.60
Latvia,1959537,50-59,30.80
Montenegro,622303,50-59,13.00
Uruguay,3413766,50-59,22.10
Singapore,5607283,50-59,12.40
"Sao Tome and Principe",204632,50-59,3.90
"Papua New Guinea",8899169,50-59,7.90
Libya,6282196,50-59,7.80
Samoa,205544,50-59,7.00
Paraguay,6266615,50-59,7.60
Lithuania,2868231,50-59,46.00
Senegal,14751356,50-59,18.50
Liberia,4706097,50-59,19.20
Serbia,7058322,50-59,22.20
Panama,4026336,50-59,5.20
"Saudi Arabia",33416270,50-59,4.80
Tunisia,11685667,50-59,5.60
"United Arab Emirates",8994263,50-59,3.20
Haiti,10713849,50-59,10.70
Burundi,10903327,50-59,23.90
Algeria,40339329,50-59,4.10
Honduras,9460798,50-59,5.40
Bhutan,749761,50-59,16.30
Djibouti,1023261,50-59,11.80
"El Salvador",6250510,50-59,11.90
Guinea-Bissau,1834552,50-59,9.30
Ecuador,16439585,50-59,6.60
Guyana,759087,50-59,46.60
Belarus,9469379,50-59,39.90
Australia,24190907,50-59,18.20
Denmark,5728010,50-59,17.60
Iceland,335439,50-59,13.40
Czechia,10566332,50-59,18.60
Cambodia,15624584,50-59,5.10
Cyprus,1197881,50-59,6.30
Benin,11260085,50-59,24.50
Azerbaijan,9757812,50-59,4.10
Cuba,11342012,50-59,17.80
India,1338636340,50-59,16.80
Austria,8736668,50-59,23.10
"Cabo Verde",558394,50-59,31.60
Bangladesh,159784568,50-59,4.90
Hungary,9814023,50-59,30.00
Argentina,43590368,50-59,9.50
France,66724104,50-59,23.20
Ghana,29554303,50-59,12.50
Finland,5495303,50-59,22.40
Fiji,918371,50-59,3.20
Greece,10775971,50-59,7.50
"Brunei Darussalam",425994,50-59,7.20
"Antigua and Barbuda",90564,50-59,0.00
Georgia,3727505,50-59,12.50
Botswana,2352416,50-59,20.30
Brazil,206859578,50-59,9.30
Gabon,2086206,50-59,14.50
Germany,82348669,50-59,17.30
Barbados,278649,50-59,0.30
Eritrea,3365287,50-59,29.20
Guatemala,15827690,50-59,3.10
Angola,29154746,50-59,14.80
"Equatorial Guinea",1398927,50-59,30.30
"Burkina Faso",19275498,50-59,23.40
Guinea,11930985,50-59,15.90
"Bosnia and Herzegovina",3480986,50-59,12.30
Grenada,119966,50-59,0.00
Ethiopia,105293228,50-59,16.00
Bulgaria,7127822,50-59,13.80
Estonia,1315790,50-59,24.50
Armenia,2865835,50-59,8.40
Eswatini,1142524,50-59,24.70
Iraq,38697943,50-59,6.60
Afghanistan,34636207,50-59,5.60
"Côte d'Ivoire",24213622,50-59,33.60
Colombia,47625955,50-59,8.00
Chile,18083879,50-59,14.30
"Costa Rica",4945205,50-59,11.50
Belize,367313,50-59,10.50
China,1387790000,50-59,10.50
"Central African Republic",4904177,50-59,18.80
Canada,36109487,50-59,19.70
Israel,8546000,50-59,9.40
Italy,60627498,50-59,9.50
Croatia,4174349,50-59,22.20
Cameroon,23711630,50-59,29.20
Belgium,11331422,50-59,32.30
Comoros,746232,50-59,20.00
Albania,2876101,50-59,7.80
"Dominican Republic",10527592,50-59,12.60
Bahrain,1409661,50-59,4.80
Chad,14592585,50-59,25.90
Indonesia,261850182,50-59,4.60
Ireland,4755335,50-59,19.50
Seychelles,94677,40-49,13.80
Ethiopia,105293228,40-49,11.50
Nicaragua,6389235,40-49,12.20
Ukraine,45004673,40-49,30.50
Namibia,2323352,40-49,15.80
Uruguay,3413766,40-49,22.00
Netherlands,17030314,40-49,15.00
"New Zealand",4714100,40-49,16.40
Colombia,47625955,40-49,7.00
Samoa,205544,40-49,5.30
Bulgaria,7127822,40-49,10.30
"South Sudan",11066105,40-49,5.60
Armenia,2865835,40-49,9.00
Spain,46484062,40-49,10.60
Eritrea,3365287,40-49,14.50
Estonia,1315790,40-49,17.80
Nepal,27861186,40-49,9.60
Eswatini,1142524,40-49,22.80
Senegal,14751356,40-49,8.70
Gabon,2086206,40-49,8.30
Sudan,39377169,40-49,11.70
Brazil,206859578,40-49,8.60
Vanuatu,283218,40-49,3.80
Bahrain,1409661,40-49,6.10
Mongolia,3029555,40-49,22.20
Serbia,7058322,40-49,15.70
Mexico,121519221,40-49,6.00
Tunisia,11685667,40-49,4.50
Chad,14592585,40-49,16.70
Uganda,38748299,40-49,17.90
France,66724104,40-49,21.80
Fiji,918371,40-49,6.40
"Brunei Darussalam",425994,40-49,7.80
Uzbekistan,31847900,40-49,9.70
"Sri Lanka",21425494,40-49,18.40
Mozambique,27696493,40-49,7.20
Myanmar,51892349,40-49,8.80
"Central African Republic",4904177,40-49,12.60
"Sao Tome and Principe",204632,40-49,3.00
China,1387790000,40-49,6.30
Chile,18083879,40-49,14.40
Montenegro,622303,40-49,9.50
Barbados,278649,40-49,0.40
Argentina,43590368,40-49,9.80
"Saudi Arabia",33416270,40-49,4.90
Finland,5495303,40-49,19.90
Morocco,35107264,40-49,3.40
Austria,8736668,40-49,15.70
"Côte d'Ivoire",24213622,40-49,23.60
Philippines,104875266,40-49,3.30
Romania,19702267,40-49,13.30
Poland,37970087,40-49,20.80
Slovenia,2065042,40-49,19.10
Singapore,5607283,40-49,11.30
"United Arab Emirates",8994263,40-49,2.80
Denmark,5728010,40-49,16.70
"Solomon Islands",628102,40-49,4.30
"Russian Federation",144342397,40-49,38.40
Paraguay,6266615,40-49,8.20
"Cabo Verde",558394,40-49,16.80
Peru,31132779,40-49,6.80
Bangladesh,159784568,40-49,4.60
Azerbaijan,9757812,40-49,3.50
Croatia,4174349,40-49,17.00
Cyprus,1197881,40-49,6.20
Cuba,11342012,40-49,13.80
Turkmenistan,5868561,40-49,10.00
Cameroon,23711630,40-49,18.80
Czechia,10566332,40-49,15.80
Portugal,10325452,40-49,13.80
Qatar,2595166,40-49,6.10
Cambodia,15624584,40-49,6.80
"Sierra Leone",7493913,40-49,15.90
"South Africa",56422274,40-49,18.50
Nigeria,188666931,40-49,14.60
Norway,5234519,40-49,15.10
Niger,20921743,40-49,7.80
"Equatorial Guinea",1398927,40-49,23.50
"El Salvador",6250510,40-49,13.10
Comoros,746232,40-49,11.40
"Burkina Faso",19275498,40-49,13.90
Panama,4026336,40-49,4.90
"Costa Rica",4945205,40-49,10.40
Djibouti,1023261,40-49,8.00
"Papua New Guinea",8899169,40-49,6.50
Ecuador,16439585,40-49,7.10
Australia,24190907,40-49,19.70
Canada,36109487,40-49,17.40
Oman,4398070,40-49,4.00
Rwanda,11930899,40-49,9.70
Somalia,14292847,40-49,9.20
"Dominican Republic",10527592,40-49,13.40
Burundi,10903327,40-49,15.10
Pakistan,213524840,40-49,2.90
Kazakhstan,17794055,40-49,37.90
Maldives,454252,40-49,1.90
Zimbabwe,14452704,40-49,19.20
Greece,10775971,40-49,6.40
Guyana,759087,40-49,54.80
Thailand,70607037,40-49,15.00
Timor-Leste,1224562,40-49,6.80
Libya,6282196,40-49,8.50
Iraq,38697943,40-49,7.00
Mali,18700106,40-49,7.40
Sweden,9923085,40-49,16.60
Jordan,9964656,40-49,5.20
Togo,7661354,40-49,15.60
Belarus,9469379,40-49,39.90
Indonesia,261850182,40-49,4.50
Latvia,1959537,40-49,25.40
Zambia,16767761,40-49,11.80
Guatemala,15827690,40-49,3.50
Kiribati,118513,40-49,11.10
Angola,29154746,40-49,7.00
Switzerland,8373338,40-49,14.90
"Syrian Arab Republic",18964252,40-49,3.40
Benin,11260085,40-49,15.60
Malawi,17405624,40-49,6.10
Lithuania,2868231,40-49,42.20
"Bosnia and Herzegovina",3480986,40-49,11.10
Malaysia,31526418,40-49,5.90
Kenya,47894670,40-49,4.80
Guinea-Bissau,1834552,40-49,5.70
Iceland,335439,40-49,20.40
Belize,367313,40-49,7.20
Grenada,119966,40-49,0.00
Tajikistan,8725318,40-49,4.70
Jamaica,2802695,40-49,2.70
Luxembourg,582014,40-49,14.10
Algeria,40339329,40-49,4.70
Albania,2876101,40-49,9.10
Botswana,2352416,40-49,15.30
Israel,8546000,40-49,8.40
Mauritania,4051890,40-49,6.80
Afghanistan,34636207,40-49,6.60
Germany,82348669,40-49,13.30
Lebanon,6258619,40-49,4.50
"Trinidad and Tobago",1469330,40-49,17.40
Mauritius,1263747,40-49,11.00
Bhutan,749761,40-49,19.30
Tonga,105707,40-49,3.50
Suriname,581453,40-49,30.70
Italy,60627498,40-49,8.10
Georgia,3727505,40-49,9.70
Honduras,9460798,40-49,4.40
"Antigua and Barbuda",90564,40-49,0.00
Lesotho,2143872,40-49,35.70
Belgium,11331422,40-49,29.10
Hungary,9814023,40-49,21.30
Haiti,10713849,40-49,13.60
Malta,455356,40-49,13.00
Madagascar,25501941,40-49,6.60
Ireland,4755335,40-49,18.00
Liberia,4706097,40-49,9.10
Ghana,29554303,40-49,7.50
Japan,127076000,40-49,20.70
India,1338636340,40-49,17.70
Kuwait,4048085,40-49,2.10
Guinea,11930985,40-49,8.70
Cyprus,1197881,30-39,6.10
Paraguay,6266615,30-39,11.40
India,1338636340,30-39,22.90
Zambia,16767761,30-39,8.90
Cuba,11342012,30-39,9.70
Qatar,2595166,30-39,7.10
Austria,8736668,30-39,13.10
Philippines,104875266,30-39,3.60
Hungary,9814023,30-39,13.70
Belarus,9469379,30-39,30.60
"Cabo Verde",558394,30-39,8.00
Honduras,9460798,30-39,4.50
Bangladesh,159784568,30-39,6.60
Peru,31132779,30-39,6.30
Lebanon,6258619,30-39,3.90
Portugal,10325452,30-39,8.70
Iceland,335439,30-39,21.20
Czechia,10566332,30-39,12.80
Thailand,70607037,30-39,20.40
Cambodia,15624584,30-39,9.50
Benin,11260085,30-39,13.90
Poland,37970087,30-39,15.70
Latvia,1959537,30-39,27.30
Slovenia,2065042,30-39,14.20
Samoa,205544,30-39,4.80
Ireland,4755335,30-39,13.70
Colombia,47625955,30-39,7.80
China,1387790000,30-39,6.00
Seychelles,94677,30-39,9.50
Jordan,9964656,30-39,4.60
Ukraine,45004673,30-39,27.30
Togo,7661354,30-39,12.90
Zimbabwe,14452704,30-39,13.70
Comoros,746232,30-39,7.90
Japan,127076000,30-39,18.60
Bahrain,1409661,30-39,8.10
Senegal,14751356,30-39,5.80
Belgium,11331422,30-39,18.30
Tonga,105707,30-39,3.50
Chad,14592585,30-39,14.70
Italy,60627498,30-39,6.40
Uganda,38748299,30-39,14.50
Serbia,7058322,30-39,10.10
Jamaica,2802695,30-39,2.50
"Sao Tome and Principe",204632,30-39,3.30
"Central African Republic",4904177,30-39,12.20
Chile,18083879,30-39,13.00
Israel,8546000,30-39,5.70
"Saudi Arabia",33416270,30-39,3.50
Afghanistan,34636207,30-39,9.20
Timor-Leste,1224562,30-39,6.20
"United Arab Emirates",8994263,30-39,2.80
Indonesia,261850182,30-39,3.60
Cameroon,23711630,30-39,17.60
Romania,19702267,30-39,8.90
Singapore,5607283,30-39,7.60
"Côte d'Ivoire",24213622,30-39,21.10
Kiribati,118513,30-39,16.70
Albania,2876101,30-39,6.10
Turkmenistan,5868561,30-39,8.60
Azerbaijan,9757812,30-39,3.20
Croatia,4174349,30-39,12.10
Kuwait,4048085,30-39,3.40
Rwanda,11930899,30-39,8.00
Kazakhstan,17794055,30-39,38.50
"Sierra Leone",7493913,30-39,13.20
Canada,36109487,30-39,12.40
Iraq,38697943,30-39,5.40
Belize,367313,30-39,4.00
Kenya,47894670,30-39,3.60
"Russian Federation",144342397,30-39,49.70
"Costa Rica",4945205,30-39,10.10
Namibia,2323352,30-39,12.70
"Bosnia and Herzegovina",3480986,30-39,6.70
Eswatini,1142524,30-39,21.40
Nepal,27861186,30-39,10.80
Malaysia,31526418,30-39,4.40
Spain,46484062,30-39,6.60
Grenada,119966,30-39,0.00
Ethiopia,105293228,30-39,9.70
Uzbekistan,31847900,30-39,9.30
Greece,10775971,30-39,4.30
"Brunei Darussalam",425994,30-39,5.40
Fiji,918371,30-39,7.50
Maldives,454252,30-39,1.80
Myanmar,51892349,30-39,10.30
"New Zealand",4714100,30-39,14.30
Armenia,2865835,30-39,5.40
Uruguay,3413766,30-39,20.60
Eritrea,3365287,30-39,9.10
Madagascar,25501941,30-39,4.10
"South Sudan",11066105,30-39,4.70
Angola,29154746,30-39,5.40
Malawi,17405624,30-39,3.90
Guatemala,15827690,30-39,3.20
Bulgaria,7127822,30-39,8.80
Estonia,1315790,30-39,17.70
Netherlands,17030314,30-39,12.30
Switzerland,8373338,30-39,9.80
Botswana,2352416,30-39,12.10
Mauritania,4051890,30-39,4.60
Vanuatu,283218,30-39,4.60
Germany,82348669,30-39,10.40
Brazil,206859578,30-39,8.10
Mongolia,3029555,30-39,21.70
Gabon,2086206,30-39,7.10
Sudan,39377169,30-39,18.30
Georgia,3727505,30-39,7.30
Mauritius,1263747,30-39,11.80
Suriname,581453,30-39,31.60
Mexico,121519221,30-39,6.50
"Antigua and Barbuda",90564,30-39,0.00
Tunisia,11685667,30-39,3.70
Morocco,35107264,30-39,3.80
Mali,18700106,30-39,6.70
Finland,5495303,30-39,18.70
Mozambique,27696493,30-39,6.50
Argentina,43590368,30-39,10.80
Sweden,9923085,30-39,15.10
"Sri Lanka",21425494,30-39,17.30
Ghana,29554303,30-39,6.10
Malta,455356,30-39,7.70
Barbados,278649,30-39,0.40
France,66724104,30-39,13.40
Montenegro,622303,30-39,8.20
Nicaragua,6389235,30-39,17.00
Haiti,10713849,30-39,18.80
Panama,4026336,30-39,5.90
Norway,5234519,30-39,13.10
Guinea-Bissau,1834552,30-39,4.50
"South Africa",56422274,30-39,14.40
"Syrian Arab Republic",18964252,30-39,3.90
Lithuania,2868231,30-39,36.30
"Dominican Republic",10527592,30-39,16.20
Somalia,14292847,30-39,7.60
Pakistan,213524840,30-39,3.80
Burundi,10903327,30-39,12.90
Algeria,40339329,30-39,5.30
Liberia,4706097,30-39,5.90
Guyana,759087,30-39,40.00
Ecuador,16439585,30-39,8.30
Australia,24190907,30-39,16.30
Libya,6282196,30-39,7.70
Nigeria,188666931,30-39,12.10
Lesotho,2143872,30-39,28.70
"Trinidad and Tobago",1469330,30-39,19.60
"Burkina Faso",19275498,30-39,12.00
Tajikistan,8725318,30-39,3.60
Luxembourg,582014,30-39,9.10
Niger,20921743,30-39,5.60
"Equatorial Guinea",1398927,30-39,25.50
"Solomon Islands",628102,30-39,5.30
Bhutan,749761,30-39,19.40
"El Salvador",6250510,30-39,18.20
Oman,4398070,30-39,5.20
Djibouti,1023261,30-39,7.60
Denmark,5728010,30-39,9.20
Guinea,11930985,30-39,7.30
"Papua New Guinea",8899169,30-39,7.80
Bahrain,1409661,20-29,8.80
Serbia,7058322,20-29,5.90
Seychelles,94677,20-29,8.20
"Solomon Islands",628102,20-29,9.70
Tonga,105707,20-29,5.60
Burundi,10903327,20-29,12.90
Sudan,39377169,20-29,18.10
Tunisia,11685667,20-29,3.10
"Central African Republic",4904177,20-29,11.70
"Trinidad and Tobago",1469330,20-29,21.90
"Cabo Verde",558394,20-29,6.90
Bhutan,749761,20-29,13.50
Bangladesh,159784568,20-29,9.50
Suriname,581453,20-29,26.00
Brazil,206859578,20-29,6.90
Tajikistan,8725318,20-29,2.30
Belarus,9469379,20-29,18.90
Botswana,2352416,20-29,10.60
Belgium,11331422,20-29,13.40
Barbados,278649,20-29,0.00
Bulgaria,7127822,20-29,6.20
"Burkina Faso",19275498,20-29,9.60
Belize,367313,20-29,5.40
Spain,46484062,20-29,5.10
"South Africa",56422274,20-29,12.60
"South Sudan",11066105,20-29,4.70
Turkmenistan,5868561,20-29,9.70
Timor-Leste,1224562,20-29,9.60
Switzerland,8373338,20-29,9.00
Cameroon,23711630,20-29,16.60
Singapore,5607283,20-29,7.60
"Sri Lanka",21425494,20-29,21.90
Sweden,9923085,20-29,13.50
Togo,7661354,20-29,10.70
Somalia,14292847,20-29,6.50
Slovenia,2065042,20-29,12.30
"Syrian Arab Republic",18964252,20-29,3.10
Cambodia,15624584,20-29,8.00
"Bosnia and Herzegovina",3480986,20-29,3.80
Canada,36109487,20-29,12.00
"Brunei Darussalam",425994,20-29,5.70
Thailand,70607037,20-29,18.00
Benin,11260085,20-29,14.00
"Sierra Leone",7493913,20-29,14.80
Mauritania,4051890,20-29,4.30
Malta,455356,20-29,5.30
Germany,82348669,20-29,7.60
Mexico,121519221,20-29,7.50
Vanuatu,283218,20-29,8.40
Mauritius,1263747,20-29,12.90
Georgia,3727505,20-29,6.00
"Antigua and Barbuda",90564,20-29,0.00
Angola,29154746,20-29,6.60
Grenada,119966,20-29,0.00
Malaysia,31526418,20-29,4.00
Guatemala,15827690,20-29,4.30
Malawi,17405624,20-29,3.20
Mali,18700106,20-29,7.40
Ghana,29554303,20-29,5.30
Maldives,454252,20-29,2.80
Greece,10775971,20-29,4.00
Ethiopia,105293228,20-29,8.10
Namibia,2323352,20-29,11.40
Fiji,918371,20-29,9.60
Myanmar,51892349,20-29,12.30
Estonia,1315790,20-29,15.80
Netherlands,17030314,20-29,8.30
Eswatini,1142524,20-29,21.40
Nepal,27861186,20-29,15.80
France,66724104,20-29,8.00
Montenegro,622303,20-29,6.40
Gabon,2086206,20-29,7.10
Mongolia,3029555,20-29,16.40
Argentina,43590368,20-29,15.30
Uzbekistan,31847900,20-29,10.60
Mozambique,27696493,20-29,6.10
Morocco,35107264,20-29,3.80
Finland,5495303,20-29,20.60
Kiribati,118513,20-29,33.50
Kenya,47894670,20-29,3.80
Zambia,16767761,20-29,8.30
India,1338636340,20-29,30.30
Indonesia,261850182,20-29,5.10
Kuwait,4048085,20-29,4.30
Albania,2876101,20-29,6.50
Israel,8546000,20-29,5.90
Afghanistan,34636207,20-29,10.20
Japan,127076000,20-29,18.60
Italy,60627498,20-29,5.00
Jamaica,2802695,20-29,2.80
Zimbabwe,14452704,20-29,11.30
Iraq,38697943,20-29,4.80
Kazakhstan,17794055,20-29,21.70
Ireland,4755335,20-29,15.80
Jordan,9964656,20-29,3.90
Libya,6282196,20-29,6.60
Lithuania,2868231,20-29,27.10
Algeria,40339329,20-29,4.20
Guyana,759087,20-29,38.00
Guinea,11930985,20-29,7.90
Madagascar,25501941,20-29,3.30
Guinea-Bissau,1834552,20-29,3.80
Luxembourg,582014,20-29,8.00
Hungary,9814023,20-29,8.90
Latvia,1959537,20-29,18.00
Iceland,335439,20-29,14.90
Lesotho,2143872,20-29,23.30
Liberia,4706097,20-29,4.60
Haiti,10713849,20-29,21.50
Lebanon,6258619,20-29,3.70
Honduras,9460798,20-29,4.00
Czechia,10566332,20-29,11.60
Poland,37970087,20-29,15.70
Qatar,2595166,20-29,9.80
Cyprus,1197881,20-29,6.20
Ukraine,45004673,20-29,20.40
Portugal,10325452,20-29,4.70
Samoa,205544,20-29,5.80
Denmark,5728010,20-29,6.10
Paraguay,6266615,20-29,19.90
Austria,8736668,20-29,10.80
Philippines,104875266,20-29,5.00
Colombia,47625955,20-29,11.20
Peru,31132779,20-29,6.50
"Côte d'Ivoire",24213622,20-29,20.10
Romania,19702267,20-29,5.70
"United Arab Emirates",8994263,20-29,4.00
"Russian Federation",144342397,20-29,33.10
Rwanda,11930899,20-29,8.00
"Costa Rica",4945205,20-29,11.00
Cuba,11342012,20-29,6.60
Comoros,746232,20-29,7.60
Azerbaijan,9757812,20-29,2.20
Croatia,4174349,20-29,8.90
Nigeria,188666931,20-29,11.40
"El Salvador",6250510,20-29,30.10
Chile,18083879,20-29,12.90
"Saudi Arabia",33416270,20-29,4.00
Norway,5234519,20-29,12.20
Armenia,2865835,20-29,4.50
Chad,14592585,20-29,13.80
Uruguay,3413766,20-29,23.00
Eritrea,3365287,20-29,6.60
"New Zealand",4714100,20-29,18.10
"Equatorial Guinea",1398927,20-29,25.50
Niger,20921743,20-29,5.20
Senegal,14751356,20-29,4.90
Nicaragua,6389235,20-29,24.20
Uganda,38748299,20-29,14.30
Panama,4026336,20-29,6.80
"Sao Tome and Principe",204632,20-29,4.50
"Dominican Republic",10527592,20-29,15.40
"Papua New Guinea",8899169,20-29,11.20
Djibouti,1023261,20-29,8.20
China,1387790000,20-29,5.00
Ecuador,16439585,20-29,10.50
Australia,24190907,20-29,13.90
Pakistan,213524840,20-29,5.50
Oman,4398070,20-29,6.30
Afghanistan,34636207,10-19,3.10
Uruguay,3413766,10-19,8.10
Uganda,38748299,10-19,5.30
Zambia,16767761,10-19,2.80
Albania,2876101,10-19,5.00
Zimbabwe,14452704,10-19,4.60
Ukraine,45004673,10-19,6.70
Bahrain,1409661,10-19,3.00
Tunisia,11685667,10-19,0.90
Bangladesh,159784568,10-19,6.20
Vanuatu,283218,10-19,4.40
Australia,24190907,10-19,5.60
Barbados,278649,10-19,0.00
"Antigua and Barbuda",90564,10-19,0.00
Armenia,2865835,10-19,2.20
Argentina,43590368,10-19,8.60
Uzbekistan,31847900,10-19,9.00
Turkmenistan,5868561,10-19,5.90
Algeria,40339329,10-19,1.30
Azerbaijan,9757812,10-19,1.40
"Trinidad and Tobago",1469330,10-19,7.30
Belarus,9469379,10-19,4.80
"United Arab Emirates",8994263,10-19,1.80
Angola,29154746,10-19,2.60
Austria,8736668,10-19,4.50
Tonga,105707,10-19,2.50
France,66724104,10-19,2.20
Montenegro,622303,10-19,2.40
Gabon,2086206,10-19,4.40
Mongolia,3029555,10-19,6.90
Fiji,918371,10-19,1.20
Ethiopia,105293228,10-19,3.60
Myanmar,51892349,10-19,4.70
Morocco,35107264,10-19,1.10
Finland,5495303,10-19,4.90
Mozambique,27696493,10-19,2.90
Germany,82348669,10-19,2.60
Mauritania,4051890,10-19,1.40
Ghana,29554303,10-19,1.90
Mali,18700106,10-19,2.80
Malta,455356,10-19,4.80
Mexico,121519221,10-19,4.20
Mauritius,1263747,10-19,3.70
Georgia,3727505,10-19,2.80
Nigeria,188666931,10-19,4.00
Norway,5234519,10-19,3.00
Niger,20921743,10-19,3.10
"El Salvador",6250510,10-19,10.90
Pakistan,213524840,10-19,3.10
"Dominican Republic",10527592,10-19,3.80
Ecuador,16439585,10-19,8.80
Oman,4398070,10-19,1.40
Nepal,27861186,10-19,6.00
Estonia,1315790,10-19,8.40
Namibia,2323352,10-19,4.60
Eswatini,1142524,10-19,7.70
"Equatorial Guinea",1398927,10-19,7.10
Nicaragua,6389235,10-19,11.60
Netherlands,17030314,10-19,2.40
Eritrea,3365287,10-19,2.20
"New Zealand",4714100,10-19,11.20
Kuwait,4048085,10-19,0.80
India,1338636340,10-19,11.20
Kiribati,118513,10-19,16.00
Indonesia,261850182,10-19,2.00
Latvia,1959537,10-19,5.40
Hungary,9814023,10-19,2.70
Iceland,335439,10-19,10.80
Japan,127076000,10-19,4.80
Ireland,4755335,10-19,4.10
Israel,8546000,10-19,1.40
Jamaica,2802695,10-19,1.20
Kenya,47894670,10-19,1.40
Jordan,9964656,10-19,1.10
Kazakhstan,17794055,10-19,9.90
Iraq,38697943,10-19,1.20
Guatemala,15827690,10-19,3.10
Malawi,17405624,10-19,1.30
Guinea,11930985,10-19,2.70
Luxembourg,582014,10-19,4.80
Madagascar,25501941,10-19,1.90
Greece,10775971,10-19,0.70
Maldives,454252,10-19,1.20
Grenada,119966,10-19,0.00
Malaysia,31526418,10-19,1.90
Lesotho,2143872,10-19,9.70
Haiti,10713849,10-19,9.70
Liberia,4706097,10-19,2.10
Lebanon,6258619,10-19,1.00
Honduras,9460798,10-19,1.30
Lithuania,2868231,10-19,8.10
Guinea-Bissau,1834552,10-19,1.50
Guyana,759087,10-19,18.30
Libya,6282196,10-19,1.80
Somalia,14292847,10-19,2.40
Burundi,10903327,10-19,5.70
"South Africa",56422274,10-19,4.20
"Cabo Verde",558394,10-19,2.20
"Solomon Islands",628102,10-19,4.70
Spain,46484062,10-19,1.50
"Brunei Darussalam",425994,10-19,0.60
"Burkina Faso",19275498,10-19,3.10
Bulgaria,7127822,10-19,2.90
"South Sudan",11066105,10-19,1.60
"Sierra Leone",7493913,10-19,4.10
Canada,36109487,10-19,5.10
"Central African Republic",4904177,10-19,3.80
Seychelles,94677,10-19,1.50
Cambodia,15624584,10-19,2.40
Slovenia,2065042,10-19,3.00
Cameroon,23711630,10-19,6.30
Singapore,5607283,10-19,3.70
Benin,11260085,10-19,4.50
Thailand,70607037,10-19,5.60
"Syrian Arab Republic",18964252,10-19,0.70
Tajikistan,8725318,10-19,1.00
Bhutan,749761,10-19,4.90
Togo,7661354,10-19,4.00
Belgium,11331422,10-19,3.60
Timor-Leste,1224562,10-19,3.00
Belize,367313,10-19,2.80
Sudan,39377169,10-19,5.30
Botswana,2352416,10-19,3.50
Suriname,581453,10-19,11.30
"Sri Lanka",21425494,10-19,6.20
Brazil,206859578,10-19,2.70
Switzerland,8373338,10-19,4.10
"Bosnia and Herzegovina",3480986,10-19,1.70
Sweden,9923085,10-19,3.50
Cyprus,1197881,10-19,1.60
Qatar,2595166,10-19,2.90
Poland,37970087,10-19,5.40
Czechia,10566332,10-19,4.00
Portugal,10325452,10-19,1.30
Italy,60627498,10-19,1.40
Croatia,4174349,10-19,3.40
Cuba,11342012,10-19,2.40
"Papua New Guinea",8899169,10-19,5.20
Paraguay,6266615,10-19,9.60
Denmark,5728010,10-19,2.20
Panama,4026336,10-19,3.50
Djibouti,1023261,10-19,3.40
Philippines,104875266,10-19,2.50
Peru,31132779,10-19,2.80
China,1387790000,10-19,1.90
"Sao Tome and Principe",204632,10-19,1.40
Colombia,47625955,10-19,7.30
Samoa,205544,10-19,2.60
Chad,14592585,10-19,4.90
Senegal,14751356,10-19,2.30
Serbia,7058322,10-19,1.30
Chile,18083879,10-19,4.90
"Saudi Arabia",33416270,10-19,1.60
"Costa Rica",4945205,10-19,4.40
"Russian Federation",144342397,10-19,8.20
"Côte d'Ivoire",24213622,10-19,8.10
Romania,19702267,10-19,2.90
Comoros,746232,10-19,2.40
Rwanda,11930899,10-19,3.00
